[
  {
    "id": "eabfa6be-17cb-479d-92b1-3f0fd8858203",
    "data": [
      {
        "text": "e",
        "userDefined": false
      }
    ],
    "isTemplate": false,
    "count": 0,
    "updated": 0
  },
  {
    "id": "08188dbe-cd1e-47cd-9416-0a8a113e95cb",
    "data": [
      {
        "text": "novo",
        "userDefined": false
      }
    ],
    "isTemplate": false,
    "count": 0,
    "updated": 0
  },
  {
    "id": "35d7f217-378f-430d-9290-10666e1cbd81",
    "data": [
      {
        "text": "cad",
        "meta": "@sys.ignore",
        "userDefined": false
      }
    ],
    "isTemplate": false,
    "count": 0,
    "updated": 0
  }
]