[
  {
    "id": "7455a365-966b-4d04-b3af-97b13e96a31d",
    "data": [
      {
        "text": "fazer comentário",
        "userDefined": false
      }
    ],
    "isTemplate": false,
    "count": 0,
    "updated": 0
  },
  {
    "id": "048e1e91-e182-46b5-9974-5cbb03315541",
    "data": [
      {
        "text": "quero comentar",
        "userDefined": false
      }
    ],
    "isTemplate": false,
    "count": 0,
    "updated": 0
  },
  {
    "id": "236e870c-1530-4ac8-94db-ce7fdf197edd",
    "data": [
      {
        "text": "comente",
        "userDefined": false
      }
    ],
    "isTemplate": false,
    "count": 0,
    "updated": 0
  },
  {
    "id": "d6118f13-a786-4044-97ee-97d10546d35c",
    "data": [
      {
        "text": "comentário",
        "userDefined": false
      }
    ],
    "isTemplate": false,
    "count": 0,
    "updated": 0
  },
  {
    "id": "d88a5a7a-4bc4-42c2-8580-d68f294c5fd0",
    "data": [
      {
        "text": "comentar",
        "userDefined": false
      }
    ],
    "isTemplate": false,
    "count": 0,
    "updated": 0
  }
]