[
  {
    "id": "3bdc4d79-90ed-4a24-855e-efb282c685c2",
    "data": [
      {
        "text": "entrega",
        "userDefined": false
      }
    ],
    "isTemplate": false,
    "count": 0,
    "updated": 0
  },
  {
    "id": "d2509070-5067-4373-b814-15751ff24aa3",
    "data": [
      {
        "text": "atendendo",
        "userDefined": false
      }
    ],
    "isTemplate": false,
    "count": 0,
    "updated": 0
  },
  {
    "id": "0e9c1a98-1aea-4c2c-8222-635c3236c36b",
    "data": [
      {
        "text": "oiii",
        "userDefined": false
      }
    ],
    "isTemplate": false,
    "count": 0,
    "updated": 0
  },
  {
    "id": "ece9338f-ddcc-4b6d-9fb9-bb30d8d0eba8",
    "data": [
      {
        "text": "oii",
        "userDefined": false
      }
    ],
    "isTemplate": false,
    "count": 0,
    "updated": 0
  },
  {
    "id": "49bf0e5f-ca51-4a40-8968-e3ec04a7ac63",
    "data": [
      {
        "text": "opa",
        "userDefined": false
      }
    ],
    "isTemplate": false,
    "count": 0,
    "updated": 0
  },
  {
    "id": "412b6786-d9a9-489b-8da2-8929d896edef",
    "data": [
      {
        "text": "oi",
        "userDefined": false
      }
    ],
    "isTemplate": false,
    "count": 0,
    "updated": 0
  },
  {
    "id": "76eab498-2ad4-4a36-adcc-4818001de6ba",
    "data": [
      {
        "text": "olá",
        "userDefined": false
      }
    ],
    "isTemplate": false,
    "count": 0,
    "updated": 0
  },
  {
    "id": "a158ede7-4f24-421a-8b56-aaa326f2efc9",
    "data": [
      {
        "text": "noite",
        "userDefined": false
      }
    ],
    "isTemplate": false,
    "count": 0,
    "updated": 0
  }
]