[
  {
    "id": "79509c32-2440-4783-9f87-b7cf427defb0",
    "data": [
      {
        "text": "finalizar",
        "userDefined": false
      }
    ],
    "isTemplate": false,
    "count": 0,
    "updated": 0
  },
  {
    "id": "9eb17a19-48c1-4ba1-8838-9c581a59286e",
    "data": [
      {
        "text": "fin",
        "meta": "@sys.ignore",
        "userDefined": false
      }
    ],
    "isTemplate": false,
    "count": 0,
    "updated": 0
  },
  {
    "id": "ab98bd6c-94b9-42c3-b2f1-5280cacd02fc",
    "data": [
      {
        "text": "fim",
        "userDefined": false
      }
    ],
    "isTemplate": false,
    "count": 0,
    "updated": 0
  }
]