[
  {
    "id": "35587a46-8b20-4a6c-b950-319757466b04",
    "data": [
      {
        "text": "qual lanches vcs tem?",
        "userDefined": false
      }
    ],
    "isTemplate": false,
    "count": 0,
    "updated": 0
  },
  {
    "id": "bca206a7-81ce-42f1-8257-1ada890746e3",
    "data": [
      {
        "text": "me mande o cardápio",
        "userDefined": false
      }
    ],
    "isTemplate": false,
    "count": 0,
    "updated": 0
  },
  {
    "id": "cfb3611c-90ae-4fdd-b8ee-5a8f0780a5e7",
    "data": [
      {
        "text": "cardápio por favor",
        "userDefined": false
      }
    ],
    "isTemplate": false,
    "count": 0,
    "updated": 0
  },
  {
    "id": "d64db616-10ca-404c-a985-bd11106601fb",
    "data": [
      {
        "text": "quero fazer um pedido",
        "userDefined": false
      }
    ],
    "isTemplate": false,
    "count": 0,
    "updated": 0
  },
  {
    "id": "3955acc4-bbf4-4927-b361-143ca31642a8",
    "data": [
      {
        "text": "Me manda cardápio",
        "userDefined": false
      }
    ],
    "isTemplate": false,
    "count": 0,
    "updated": 0
  },
  {
    "id": "9b959fa9-f3cd-4057-9fb4-4c758942a0cd",
    "data": [
      {
        "text": "queria um lanche",
        "userDefined": false
      }
    ],
    "isTemplate": false,
    "count": 0,
    "updated": 0
  },
  {
    "id": "31bf8f48-6274-4a87-baa4-681f8de8add1",
    "data": [
      {
        "text": "queria pedir um lanche",
        "userDefined": false
      }
    ],
    "isTemplate": false,
    "count": 0,
    "updated": 0
  },
  {
    "id": "3aaba879-d4d4-4cad-81ab-f47850815d70",
    "data": [
      {
        "text": "só quero ver o cardápio",
        "userDefined": false
      }
    ],
    "isTemplate": false,
    "count": 0,
    "updated": 0
  },
  {
    "id": "5a8e46d0-1b2f-4b25-9cac-298266f5ee91",
    "data": [
      {
        "text": "teria como me mandar o cardápio",
        "userDefined": false
      }
    ],
    "isTemplate": false,
    "count": 0,
    "updated": 0
  },
  {
    "id": "af8333b3-2573-4297-abf4-27492e350dc4",
    "data": [
      {
        "text": "tem cardápio",
        "userDefined": false
      }
    ],
    "isTemplate": false,
    "count": 0,
    "updated": 0
  },
  {
    "id": "45937465-cdd0-465c-980b-e682063f7d44",
    "data": [
      {
        "text": "queria ver o cardápio",
        "userDefined": false
      }
    ],
    "isTemplate": false,
    "count": 0,
    "updated": 0
  },
  {
    "id": "14675479-491a-4d64-81ac-7aa321f3dc48",
    "data": [
      {
        "text": "manda o cardápio",
        "userDefined": false
      }
    ],
    "isTemplate": false,
    "count": 0,
    "updated": 0
  },
  {
    "id": "a7bc71df-4dab-4490-8ed3-43f48fa467e9",
    "data": [
      {
        "text": "tem como mandar o cardápio",
        "userDefined": false
      }
    ],
    "isTemplate": false,
    "count": 1,
    "updated": 0
  },
  {
    "id": "7902ba74-5ec4-4e66-bca7-8a0f89e92d65",
    "data": [
      {
        "text": "me manda o cardápio",
        "userDefined": false
      }
    ],
    "isTemplate": false,
    "count": 0,
    "updated": 0
  },
  {
    "id": "6b2d7c21-6a1e-44d3-946b-935abd3a5fab",
    "data": [
      {
        "text": "pedir",
        "userDefined": false
      }
    ],
    "isTemplate": false,
    "count": 0,
    "updated": 0
  },
  {
    "id": "1ec00f0d-0f3b-427b-8e99-1c62f9e608fe",
    "data": [
      {
        "text": "v",
        "userDefined": false
      }
    ],
    "isTemplate": false,
    "count": 1,
    "updated": 0
  },
  {
    "id": "8767617f-3a2f-4375-84d1-6125b923d402",
    "data": [
      {
        "text": "Cardápio",
        "userDefined": false
      }
    ],
    "isTemplate": false,
    "count": 0,
    "updated": 0
  },
  {
    "id": "ee410867-8475-4092-a0f4-8060690734d2",
    "data": [
      {
        "text": "p",
        "userDefined": false
      }
    ],
    "isTemplate": false,
    "count": 0,
    "updated": 0
  }
]