[
  {
    "id": "0fc1ff0d-ebe1-4add-9213-ca03ab783299",
    "data": [
      {
        "text": "promoções",
        "userDefined": false
      }
    ],
    "isTemplate": false,
    "count": 0,
    "updated": 0
  },
  {
    "id": "283d5f72-fce7-4c6a-82a8-be948a06b126",
    "data": [
      {
        "text": "promocao",
        "userDefined": false
      }
    ],
    "isTemplate": false,
    "count": 0,
    "updated": 0
  },
  {
    "id": "a822f36a-2888-4cce-ba05-aff250a2e440",
    "data": [
      {
        "text": "promoção",
        "userDefined": false
      }
    ],
    "isTemplate": false,
    "count": 0,
    "updated": 0
  },
  {
    "id": "4a70c893-fa83-4eae-a792-a47764541abd",
    "data": [
      {
        "text": "promo",
        "userDefined": false
      }
    ],
    "isTemplate": false,
    "count": 0,
    "updated": 0
  }
]